{"training loss": 0.6965484023094177, "_timestamp": 1726386880.099283, "_runtime": 42.80916905403137, "_step": 0, "_wandb": {"runtime": 71}}