{"training loss": 2.228987693786621, "_timestamp": 1726343555.9254766, "_runtime": 49.99308156967163, "_step": 0, "_wandb": {"runtime": 80}}