{"training loss": 0.1575007140636444, "_timestamp": 1726942513.728817, "_runtime": 100.52855491638184, "_step": 600, "epoch": 300, "AUROC": 0.5808266820266785, "AUPRC": 0.13294141185306735, "F1": 0.24315443592552027, "TEST AUROC": 0.6041924563105948, "TEST AUPRC": 0.1440175706566107, "TEST F1": 0.2786697247706422, "_wandb": {"runtime": 99}}