{"training loss": 0.08148550987243652, "_timestamp": 1726940932.975752, "_runtime": 174.50626802444458, "_step": 200, "epoch": 100, "AUROC": 0.6044909423459496, "AUPRC": 0.0655304873792023, "F1": 0.17440912795436023, "TEST AUROC": 0.5984653684997918, "TEST AUPRC": 0.06369039787340602, "TEST F1": 0.16858306116057448, "_wandb": {"runtime": 173}}