{"training loss": -0.0, "_timestamp": 1726341603.985713, "_runtime": 51.49458909034729, "_step": 0, "_wandb": {"runtime": 82}}