{"training loss": 13.911884307861328, "_timestamp": 1726954874.1305802, "_runtime": 3262.558227300644, "_step": 200, "epoch": 100, "MAE": 2.6457239786783853, "MSE": 10.547368309687348, "R2": 0.6253656174416696, "p_val": 0.00108379918116602, "Concordance Index": 0.7341269841269841, "TEST MSE": 15.700764462672547, "TEST MAE": 3.2426764170328775, "TEST R2": 0.403253277327127, "TEST p_val": 0.004483932993747323, "TEST Concordance Index": 0.6532567049808429, "_wandb": {"runtime": 3262}}