{"training loss": 0.11619024723768234, "_timestamp": 1726347435.142256, "_runtime": 208.9144139289856, "_step": 5, "epoch": 3, "MSE": 0.10019758491950592, "R2": 0.21224241222031442, "p_val": 1.0396775647672426e-06, "Concordance Index": 0.5711504372269649, "_wandb": {"runtime": 228}}