{"training loss": 2.228987693786621, "_timestamp": 1726345434.833976, "_runtime": 82.49431610107422, "_step": 1, "epoch": 1, "Accuracy": 0.28779793667733905, "AUPRC": 0.1544186388634359, "F1": 0.04469613259668508, "_wandb": {"runtime": 81}}