{"training loss": 0.001727187423966825, "_timestamp": 1726942989.7972624, "_runtime": 147.94901132583618, "_step": 600, "epoch": 300, "AUROC": 0.8812235631673914, "AUPRC": 0.41151050959904795, "F1": 0.6128191766545076, "TEST AUROC": 0.9077212434705401, "TEST AUPRC": 0.4199928522706395, "TEST F1": 0.6140113605626183, "_wandb": {"runtime": 147}}