{"training loss": 0.10511068254709244, "_timestamp": 1726936038.069377, "_runtime": 9.677634000778198, "_step": 4, "epoch": 2, "AUROC": 0.5491932716112072, "AUPRC": 0.04840590951543893, "F1": 0.11284187647165368, "TEST AUROC": 0.5432393762222281, "TEST AUPRC": 0.04746317288245453, "TEST F1": 0.10675011175681716, "_wandb": {"runtime": 8}}