{"training loss": 0.18820810317993164, "_timestamp": 1726942512.1428096, "_runtime": 57.09085273742676, "_step": 222, "epoch": 111, "AUROC": 0.5545241513331115, "AUPRC": 0.1170033689755984, "F1": 0.1962719298245614, "_wandb": {"runtime": 56}}