{"training loss": 0.011528190225362778, "_timestamp": 1726945462.0808048, "_runtime": 541.3816838264465, "_step": 600, "epoch": 300, "AUROC": 0.5431815133892417, "AUPRC": 0.04709893258153612, "F1": 0.10614980527126167, "TEST AUROC": 0.540107400563021, "TEST AUPRC": 0.046823613924348986, "TEST F1": 0.1032662192393736, "_wandb": {"runtime": 540}}