{"training loss": 2.228987693786621, "_timestamp": 1726342727.1260068, "_runtime": 49.387311935424805, "_step": 0, "_wandb": {"runtime": 78}}