{"training loss": -0.0, "_timestamp": 1726340340.1585188, "_runtime": 55.5255126953125, "_step": 0, "_wandb": {"runtime": 87}}