{"training loss": 0.07677972316741943, "_timestamp": 1726942344.219004, "_runtime": 63.03155779838562, "_step": 600, "epoch": 300, "AUROC": 0.7087598755796355, "AUPRC": 0.2735626636593182, "F1": 0.47149122807017546, "TEST AUROC": 0.6913229322388035, "TEST AUPRC": 0.23774890561501066, "TEST F1": 0.431237438989377, "_wandb": {"runtime": 62}}