{"training loss": 0.077640101313591, "_timestamp": 1726942221.5381894, "_runtime": 97.5644965171814, "_step": 600, "epoch": 300, "AUROC": 0.7112178154082653, "AUPRC": 0.27728411883199383, "F1": 0.4758771929824561, "TEST AUROC": 0.7106877311232921, "TEST AUPRC": 0.26488029040202643, "TEST F1": 0.46511627906976744, "_wandb": {"runtime": 97}}