{"training loss": 0.15243679285049438, "_timestamp": 1726941832.826109, "_runtime": 32.856427907943726, "_step": 200, "epoch": 100, "AUROC": 0.6780356277217622, "AUPRC": 0.23029105547082857, "F1": 0.4166666666666667, "TEST AUROC": 0.6742556518660338, "TEST AUPRC": 0.21574205291908666, "TEST F1": 0.40137812230835485, "_wandb": {"runtime": 32}}