{"training loss": 2.228987693786621, "_timestamp": 1726343122.3777056, "_runtime": 49.168967485427856, "_step": 0, "_wandb": {"runtime": 81}}