{"training loss": 0.031376421451568604, "_timestamp": 1721223009.2692072, "_runtime": 9256.740665197372, "_step": 145, "epoch": 73, "MSE": 0.05484027435596177, "R2": 0.652272457442946, "p_val": 2.472244369108559e-64, "Concordance Index": 0.7313891134565035}