{"training loss": 0.09695593267679214, "_timestamp": 1726928717.3044074, "_runtime": 51.33394932746887, "_step": 75, "epoch": 38, "AUROC": 0.5555057842383957, "AUPRC": 0.04230596637450176, "F1": 0.07372520605017661, "_wandb": {"runtime": 51}}