{"training loss": 0.6934163570404053, "_timestamp": 1726731698.278636, "_runtime": 147.3233470916748, "_step": 5, "epoch": 3, "AUROC": 0.5453296703296703, "AUPRC": 0.6957120670000764, "F1": 0.0, "_wandb": {"runtime": 170}}