{"training loss": 0.01619967818260193, "_timestamp": 1726929977.7374082, "_runtime": 37.27783727645874, "_step": 200, "epoch": 100, "AUROC": 0.8738354236302147, "AUPRC": 0.3988379816301971, "F1": 0.6023970818134445, "TEST AUROC": 0.8870243972437095, "TEST AUPRC": 0.3858441435997322, "TEST F1": 0.5864214227752231, "_wandb": {"runtime": 36}}