{"training loss": 0.08822659403085709, "_timestamp": 1726941835.530018, "_runtime": 33.11531400680542, "_step": 200, "epoch": 100, "AUROC": 0.7044584808795332, "AUPRC": 0.2671427048009086, "F1": 0.46381578947368424, "TEST AUROC": 0.6814764243314363, "TEST AUPRC": 0.2248347536273928, "TEST F1": 0.4140109101349411, "_wandb": {"runtime": 32}}