{"training loss": 0.16825072467327118, "_timestamp": 1726941747.5883746, "_runtime": 23.574421644210815, "_step": 200, "epoch": 100, "AUROC": 0.5889353089339296, "AUPRC": 0.13880231434013574, "F1": 0.2576754385964912, "TEST AUROC": 0.5951553716768514, "TEST AUPRC": 0.1370607612918788, "TEST F1": 0.26299167384438704, "_wandb": {"runtime": 22}}