{"training loss": 2.228987693786621, "_timestamp": 1726345208.018339, "_runtime": 52.04359984397888, "_step": 0, "_wandb": {"runtime": 82}}