{"training loss": 0.09545786678791046, "_timestamp": 1726935411.1997619, "_runtime": 3.760239839553833, "_step": 2, "epoch": 1, "AUROC": 0.5087725914751383, "AUPRC": 0.061208494686601764, "F1": 0.08745445080687142, "TEST AUROC": 0.5147765323746676, "TEST AUPRC": 0.056379829400352036, "TEST F1": 0.0902215018908698, "_wandb": {"runtime": 3}}