{"training loss": -0.0, "_timestamp": 1726339956.666336, "_runtime": 53.51026105880737, "_step": 0, "_wandb": {"runtime": 83}}