{"training loss": 3.7038443088531494, "_timestamp": 1726745680.210986, "_runtime": 2375.372185945511, "_step": 40, "epoch": 20, "MSE": 9.365086948929736, "R2": 0.49479762575141917, "p_val": 6.205954669861805e-14, "Concordance Index": 0.7017809221761405, "TEST MSE": 9.915272158738153, "TEST R2": 0.3303705131683832, "TEST p_val": 9.678898485664968e-10, "TEST Concordance Index": 0.5881252126573665, "_wandb": {"runtime": 2375}}