{"training loss": 0.026013115420937538, "_timestamp": 1726859416.7736912, "_runtime": 21.478437185287476, "_step": 0}