{"training loss": 0.05273433029651642, "_timestamp": 1721222961.4834964, "_runtime": 8225.811999320984, "_step": 115, "epoch": 58, "MSE": 0.06675822888224049, "R2": 0.6282391328956639, "p_val": 1.8987636226218107e-58, "Concordance Index": 0.720931267476099}