{"training loss": 2.228987693786621, "_timestamp": 1726344052.5144155, "_runtime": 51.14679455757141, "_step": 0, "_wandb": {"runtime": 83}}