{"training loss": 0.12966595590114594, "_timestamp": 1726929698.7941964, "_runtime": 3.240870475769043, "_step": 1, "epoch": 1, "AUROC": 0.5243346422338568, "AUPRC": 0.0629321657866638, "F1": 0.101712506486767, "_wandb": {"runtime": 2}}