{"training loss": -0.0, "_timestamp": 1726341798.543744, "_runtime": 54.724037170410156, "_step": 0, "_wandb": {"runtime": 83}}