{"training loss": 0.034937940537929535, "_timestamp": 1726942084.5925457, "_runtime": 50.4641547203064, "_step": 600, "epoch": 300, "AUROC": 0.7487013977948708, "AUPRC": 0.3388039752258067, "F1": 0.5427631578947368, "TEST AUROC": 0.7425247733571123, "TEST AUPRC": 0.3144817685914602, "TEST F1": 0.5208153890324433, "_wandb": {"runtime": 49}}