{"training loss": 1.6223710775375366, "_timestamp": 1726379248.1900713, "_runtime": 102.70746326446533, "_step": 2, "epoch": 1, "Accuracy": 0.28779793667733905, "AUPRC": 0.16521710274918547, "F1": 0.04469613259668508, "TEST Accuracy": 0.29138117562206994, "TEST AUPRC": 0.1569780931627796, "TEST F1": 0.045127059480592015, "_wandb": {"runtime": 101}}