{"training loss": 2.228987693786621, "_timestamp": 1726343695.4365091, "_runtime": 51.46754217147827, "_step": 0, "_wandb": {"runtime": 81}}