{"training loss": 1.86799955368042, "_timestamp": 1727039391.86994, "_runtime": 12979.855422973633, "_step": 200, "epoch": 100, "MAE": 1.8935967008468553, "MSE": 6.265696105319542, "R2": 0.5463752902514142, "p_val": 3.400840905668958e-17, "Concordance Index": 0.6962429860941693, "TEST MSE": 10.878511160526871, "TEST MAE": 2.595690858876047, "TEST R2": 0.04618204701321672, "TEST p_val": 0.4059288919732479, "TEST Concordance Index": 0.4860969339533477, "_wandb": {"runtime": 12979}}