{"training loss": -0.0, "_timestamp": 1726340673.8571243, "_runtime": 48.443764209747314, "_step": 0, "_wandb": {"runtime": 79}}