{"training loss": -0.0, "_timestamp": 1726341102.0041678, "_runtime": 52.932753801345825, "_step": 0, "_wandb": {"runtime": 88}}