{"training loss": 0.15911510586738586, "_timestamp": 1726942634.4621465, "_runtime": 89.66986560821533, "_step": 600, "epoch": 300, "AUROC": 0.5735731850049931, "AUPRC": 0.12813875317676035, "F1": 0.23026315789473684, "TEST AUROC": 0.5977199113535628, "TEST AUPRC": 0.13897777549988016, "TEST F1": 0.26743185078909615, "_wandb": {"runtime": 89}}