{"training loss": 0.128127783536911, "_timestamp": 1726929649.2996898, "_runtime": 4.015995740890503, "_step": 1, "epoch": 1, "AUROC": 0.5234768933455596, "AUPRC": 0.060997854900943144, "F1": 0.08541666666666667, "_wandb": {"runtime": 3}}