{"training loss": 0.018266858533024788, "_timestamp": 1726929106.4685826, "_runtime": 36.69956564903259, "_step": 199, "epoch": 100, "AUROC": 0.9455118392640577, "AUPRC": 0.4000948090726202, "F1": 0.6034392912975508, "_wandb": {"runtime": 36}}