{"training loss": 3.8025505542755127, "_timestamp": 1726951043.181108, "_runtime": 3267.619229078293, "_step": 200, "epoch": 100, "MAE": 2.7827658653259277, "MSE": 12.711878757295077, "R2": 0.314369774909915, "p_val": 0.13462588716520263, "Concordance Index": 0.6150793650793651, "TEST MSE": 14.835115083621227, "TEST MAE": 3.190551439921061, "TEST R2": 0.5349884994472085, "TEST p_val": 8.946751903300934e-05, "TEST Concordance Index": 0.6944444444444444, "_wandb": {"runtime": 3266}}