{"training loss": 0.11857860535383224, "_timestamp": 1726354797.470354, "_runtime": 4510.876384973526, "_step": 119, "epoch": 60, "Accuracy": 0.4991106367840626, "AUPRC": 0.35103911108602115, "F1": 0.36713585219327804, "_wandb": {"runtime": 4541}}