{"training loss": 0.03465993329882622, "_timestamp": 1726941645.0415938, "_runtime": 200.5308277606964, "_step": 200, "epoch": 100, "AUROC": 0.5449707709392104, "AUPRC": 0.047476691659578095, "F1": 0.10814237840775293, "TEST AUROC": 0.5515398123610907, "TEST AUPRC": 0.04931501025378461, "TEST F1": 0.11606263982102909, "_wandb": {"runtime": 200}}