{"training loss": 2.495928811185877e-06, "_timestamp": 1726400956.4772847, "_runtime": 4016.311316728592, "_step": 120, "epoch": 60, "AUROC": 0.9439841503553414, "AUPRC": 0.9470506780135717, "F1": 0.9162328442972079, "TEST AUROC": 0.9045999909024989, "TEST AUPRC": 0.9056660770211697, "TEST F1": 0.8765550239234449, "_wandb": {"runtime": 4016}}