{"training loss": 2.228987693786621, "_timestamp": 1726342897.3748271, "_runtime": 48.608500242233276, "_step": 0, "_wandb": {"runtime": 81}}