{"training loss": 1.1363818645477295, "_timestamp": 1726348830.7888494, "_runtime": 442.4431552886963, "_step": 10, "epoch": 5, "Accuracy": 0.5257915332621843, "AUPRC": 0.3578754747352958, "F1": 0.3033072304031118}