{"training loss": 1.0335248708724976, "_timestamp": 1726348670.8994942, "_runtime": 282.5538001060486, "_step": 6, "epoch": 3, "Accuracy": 0.488082532906439, "AUPRC": 0.32623508706225246, "F1": 0.2276717089257953}