{"training loss": 0.04982813820242882, "_timestamp": 1726942819.9342077, "_runtime": 19.033897638320923, "_step": 43, "epoch": 22, "AUROC": 0.8051257259344712, "AUPRC": 0.29207952378566154, "F1": 0.5054715997915581, "_wandb": {"runtime": 18}}