{"training loss": 1.6223710775375366, "_timestamp": 1726378813.593061, "_runtime": 83.10215997695923, "_step": 1, "epoch": 1, "Accuracy": 0.28779793667733905, "AUPRC": 0.16521710274918547, "F1": 0.04469613259668508, "_wandb": {"runtime": 116}}