{"training loss": 0.002914137439802289, "_timestamp": 1726942913.5753436, "_runtime": 153.20507669448853, "_step": 600, "epoch": 300, "AUROC": 0.8849176329359797, "AUPRC": 0.41793365153732376, "F1": 0.618030224075039, "TEST AUROC": 0.9093445255275463, "TEST AUPRC": 0.42274170915271775, "TEST F1": 0.6161752772518259, "_wandb": {"runtime": 152}}