{"training loss": 0.0811430811882019, "_timestamp": 1726941141.2122264, "_runtime": 213.17171931266785, "_step": 200, "epoch": 100, "AUROC": 0.6049656146037186, "AUPRC": 0.0657130898639389, "F1": 0.17492077863286554, "TEST AUROC": 0.5972595742883465, "TEST AUPRC": 0.06323565071506138, "TEST F1": 0.16722587572137967, "_wandb": {"runtime": 212}}