{"training loss": 2.021341562271118, "_timestamp": 1726347050.2383041, "_runtime": 859.0413551330566, "_step": 21, "epoch": 11, "Accuracy": 0.36036997509783, "AUPRC": 0.1833267126604252, "F1": 0.1312813475892407}