{"training loss": 2.228987693786621, "_timestamp": 1726344396.1260486, "_runtime": 50.845675468444824, "_step": 0, "_wandb": {"runtime": 83}}