{"training loss": 0.1285979449748993, "_timestamp": 1726929924.2712722, "_runtime": 3.356774091720581, "_step": 2, "epoch": 1, "AUROC": 0.5132498447067174, "AUPRC": 0.061923169155058806, "F1": 0.09375, "TEST AUROC": 0.5217417530971511, "TEST AUPRC": 0.05759208498569769, "TEST F1": 0.09948634766153014, "_wandb": {"runtime": 2}}