{"training loss": 0.10487209260463715, "_timestamp": 1726928915.5878837, "_runtime": 14.52740478515625, "_step": 13, "epoch": 7, "AUROC": 0.5380576525557429, "AUPRC": 0.04213235100749413, "F1": 0.07209491893850195, "_wandb": {"runtime": 14}}