{"training loss": 0.0858810544013977, "_timestamp": 1726956200.9689488, "_runtime": 303.3791377544403, "_step": 15, "epoch": 8, "MAE": 0.22819977811309683, "MSE": 0.10455435737504139, "R2": 0.5506758411352204, "p_val": 1.642473053815844e-20, "Concordance Index": 0.8563105676049838}