{"training loss": 0.06290411949157715, "_timestamp": 1726941224.063022, "_runtime": 166.6071457862854, "_step": 200, "epoch": 100, "AUROC": 0.5238249998941247, "AUPRC": 0.04362824795205989, "F1": 0.0845937867946744, "TEST AUROC": 0.5194810911651045, "TEST AUPRC": 0.0433307633543427, "TEST F1": 0.08017897091722595, "_wandb": {"runtime": 165}}