{"training loss": 0.06529083102941513, "_timestamp": 1726941369.202946, "_runtime": 140.3942699432373, "_step": 200, "epoch": 100, "AUROC": 0.5210597836805366, "AUPRC": 0.04322449467465567, "F1": 0.08151435558373336, "TEST AUROC": 0.5228388624624398, "TEST AUPRC": 0.04381149361032904, "TEST F1": 0.08393736017897092, "_wandb": {"runtime": 139}}