{"training loss": 0.01879321038722992, "_timestamp": 1726946525.2425332, "_runtime": 509.36198711395264, "_step": 600, "epoch": 300, "AUROC": 0.5371631016302557, "AUPRC": 0.0458990048680015, "F1": 0.09944751381215469, "TEST AUROC": 0.5569762039853479, "TEST AUPRC": 0.050638707972117954, "TEST F1": 0.1221476510067114, "_wandb": {"runtime": 508}}