{"training loss": 0.10802154242992401, "_timestamp": 1726941870.9376957, "_runtime": 19.433673858642578, "_step": 200, "epoch": 100, "AUROC": 0.6706016470037706, "AUPRC": 0.22062405954828962, "F1": 0.40328767123287673, "TEST AUROC": 0.6637221122155489, "TEST AUPRC": 0.2030053681410508, "TEST F1": 0.38289322617680827, "_wandb": {"runtime": 18}}