{"training loss": 2.4925813704612665e-05, "_timestamp": 1726396236.9405742, "_runtime": 4339.389398097992, "_step": 84, "epoch": 42, "AUROC": 0.9440250499807287, "AUPRC": 0.9486368478966395, "F1": 0.9166666666666666, "_wandb": {"runtime": 4907}}