{"training loss": 1.677231788635254, "_timestamp": 1726430564.2735014, "_runtime": 116.12394738197327, "_step": 2, "epoch": 1, "Accuracy": 0.28779793667733905, "AUPRC": 0.13630497278929532, "F1": 0.04469613259668508, "TEST Accuracy": 0.29138117562206994, "TEST AUPRC": 0.1225393965252253, "TEST F1": 0.045127059480592015, "_wandb": {"runtime": 114}}