{"training loss": 0.0657283365726471, "_timestamp": 1726943992.6319337, "_runtime": 185.76749777793884, "_step": 600, "epoch": 300, "AUROC": 0.6351985165794066, "AUPRC": 0.11410873941229557, "F1": 0.2657634184471079, "TEST AUROC": 0.6466681995064305, "TEST AUPRC": 0.11131885537430873, "TEST F1": 0.26580226904376014, "_wandb": {"runtime": 185}}