{"training loss": 0.6965484023094177, "_timestamp": 1726347908.9826581, "_runtime": 42.2765371799469, "_step": 0, "_wandb": {"runtime": 73}}