{"training loss": 2427.056884765625, "_timestamp": 1726854590.9486105, "_runtime": 34.90241360664368, "_step": 1, "epoch": 1, "MAE": 48.13381321821362, "MSE": 2330.2188866402885, "R2": -0.17418529531390198, "p_val": 0.4156293785334042, "Concordance Index": 0.4246031746031746}