{"training loss": 2.228987693786621, "_timestamp": 1726343827.8321707, "_runtime": 47.815428733825684, "_step": 0, "_wandb": {"runtime": 80}}