{"training loss": 0.5320901274681091, "_timestamp": 1726350118.6400502, "_runtime": 1174.9016630649567, "_step": 30, "epoch": 15, "Accuracy": 0.535752401280683, "AUPRC": 0.3962377599305979, "F1": 0.3864458006388751}