{"training loss": 2.6141624450683594, "_timestamp": 1726748916.3070045, "_runtime": 2607.9986803531647, "_step": 40, "epoch": 20, "MSE": 14.384519823084227, "R2": 0.438213462955976, "p_val": 6.204406375578512e-11, "Concordance Index": 0.6830202488411807, "TEST MSE": 9.319068792952821, "TEST R2": 0.32740455956484965, "TEST p_val": 1.3913974093468456e-09, "TEST Concordance Index": 0.5682393860345545, "_wandb": {"runtime": 2607}}