{"training loss": 0.032232820987701416, "_timestamp": 1726941536.4855418, "_runtime": 198.25287771224976, "_step": 200, "epoch": 100, "AUROC": 0.5537543989117845, "AUPRC": 0.04947090588287227, "F1": 0.11792410107780092, "TEST AUROC": 0.5511400776828367, "TEST AUPRC": 0.04922121500698013, "TEST F1": 0.11561521252796421, "_wandb": {"runtime": 197}}