{"training loss": 2.228987693786621, "_timestamp": 1726344222.0751224, "_runtime": 52.105977296829224, "_step": 0, "_wandb": {"runtime": 83}}