{"training loss": 2.228987693786621, "_timestamp": 1726345062.3278956, "_runtime": 48.29697775840759, "_step": 0, "_wandb": {"runtime": 79}}