{"training loss": -0.0, "_timestamp": 1726341470.0549946, "_runtime": 51.745556592941284, "_step": 0, "_wandb": {"runtime": 82}}