{"training loss": 2.8925992410222534e-06, "_timestamp": 1726943242.7636466, "_runtime": 129.79256749153137, "_step": 600, "epoch": 300, "AUROC": 0.9728364934283826, "AUPRC": 0.5878973774951817, "F1": 0.7420531526836894, "TEST AUROC": 0.968505957968001, "TEST AUPRC": 0.5292126315402068, "TEST F1": 0.6944069170494461, "_wandb": {"runtime": 129}}