{"training loss": 2.228987693786621, "_timestamp": 1726344550.038823, "_runtime": 48.48019599914551, "_step": 0, "_wandb": {"runtime": 80}}