{"training loss": 1.0446440228406573e-06, "_timestamp": 1726391260.7572196, "_runtime": 4287.841778516769, "_step": 120, "epoch": 60, "AUROC": 0.9378166254897556, "AUPRC": 0.9378744656499182, "F1": 0.9070208728652751, "TEST AUROC": 0.9134339320737753, "TEST AUPRC": 0.9118975149483883, "TEST F1": 0.8781896966779008, "_wandb": {"runtime": 4287}}