{"training loss": 0.39499586820602417, "_timestamp": 1726387146.6665509, "_runtime": 173.75110983848572, "_step": 4, "epoch": 2, "AUROC": 0.8962868685860377, "AUPRC": 0.9064217270645036, "F1": 0.8819599109131403}