{"training loss": 0.0005834022886119783, "_timestamp": 1726388445.3004863, "_runtime": 1472.3850452899933, "_step": 41, "epoch": 21, "AUROC": 0.9371345029239766, "AUPRC": 0.9400754253091708, "F1": 0.9097779877184695}