{"training loss": 0.10576629638671875, "_timestamp": 1726935453.5194387, "_runtime": 9.525633811950684, "_step": 4, "epoch": 2, "AUROC": 0.561794238256995, "AUPRC": 0.05148955752345098, "F1": 0.12682044323835368, "TEST AUROC": 0.5545481401207508, "TEST AUPRC": 0.05003387039511459, "TEST F1": 0.1194150006708708, "_wandb": {"runtime": 8}}