{"training loss": 0.06816091388463974, "_timestamp": 1726943784.5238917, "_runtime": 173.1013617515564, "_step": 600, "epoch": 300, "AUROC": 0.6403258447461571, "AUPRC": 0.11765075895187871, "F1": 0.27291666666666664, "TEST AUROC": 0.6487856647179642, "TEST AUPRC": 0.11282389492346154, "TEST F1": 0.2687939426717144, "_wandb": {"runtime": 172}}