{"training loss": 0.06965166330337524, "_timestamp": 1726941940.1030629, "_runtime": 29.164411783218384, "_step": 300, "epoch": 150, "AUROC": 0.7259654543800446, "AUPRC": 0.30042088792279226, "F1": 0.5021929824561403, "TEST AUROC": 0.722175323681887, "TEST AUPRC": 0.28206133239090836, "TEST F1": 0.48521389606660925, "_wandb": {"runtime": 28}}