{"training loss": 0.024317419156432152, "_timestamp": 1726947054.9673555, "_runtime": 491.74534845352173, "_step": 600, "epoch": 300, "AUROC": 0.539602998289304, "AUPRC": 0.04637232216675418, "F1": 0.10216465899827915, "TEST AUROC": 0.5523392817175992, "TEST AUPRC": 0.049504053679357486, "TEST F1": 0.11695749440715884, "_wandb": {"runtime": 491}}