{"training loss": 0.03510293364524841, "_timestamp": 1726942207.9622464, "_runtime": 91.90975952148438, "_step": 600, "epoch": 300, "AUROC": 0.7505448526663432, "AUPRC": 0.3420604099493404, "F1": 0.5460526315789473, "TEST AUROC": 0.7466997998024252, "TEST AUPRC": 0.3211373192629833, "TEST F1": 0.5278255880665519, "_wandb": {"runtime": 91}}