{"training loss": 0.00010231682244921103, "_timestamp": 1726943443.346058, "_runtime": 130.7751967906952, "_step": 600, "epoch": 300, "AUROC": 0.972097679474665, "AUPRC": 0.5863324229097691, "F1": 0.7410109431995832, "TEST AUROC": 0.9665652180370188, "TEST AUPRC": 0.5261930970937339, "TEST F1": 0.692453340546389, "_wandb": {"runtime": 130}}