{"training loss": 0.17163844406604767, "_timestamp": 1726941762.042303, "_runtime": 21.48916506767273, "_step": 200, "epoch": 100, "AUROC": 0.5858628841481422, "AUPRC": 0.13654935834931411, "F1": 0.25219298245614036, "TEST AUROC": 0.5895756838626767, "TEST AUPRC": 0.1329586122070009, "TEST F1": 0.2532299741602067, "_wandb": {"runtime": 20}}