{"training loss": 2269.5673828125, "_timestamp": 1726947676.8677006, "_runtime": 129.94688749313354, "_step": 7, "epoch": 4, "MAE": 47.69344791273276, "MSE": 2288.0236540926257, "R2": -0.2788267007166465, "p_val": 0.18703779484038802, "Concordance Index": 0.46825396825396826}