{"training loss": 0.06807374954223633, "_timestamp": 1726942008.3125427, "_runtime": 34.415130615234375, "_step": 300, "epoch": 150, "AUROC": 0.7167481800226825, "AUPRC": 0.2857980781675455, "F1": 0.4857456140350877, "TEST AUROC": 0.7139699004257477, "TEST AUPRC": 0.2697066251413689, "TEST F1": 0.4708584553545794, "_wandb": {"runtime": 33}}