{"training loss": 0.00833867210894823, "_timestamp": 1726944701.3598845, "_runtime": 453.22880840301514, "_step": 600, "epoch": 300, "AUROC": 0.5381257532198345, "AUPRC": 0.04608305202918896, "F1": 0.10051616408584624, "TEST AUROC": 0.5404271883056244, "TEST AUPRC": 0.0468879177976858, "TEST F1": 0.10362416107382551, "_wandb": {"runtime": 452}}