{"training loss": 2.228987693786621, "_timestamp": 1726344783.8275473, "_runtime": 49.741411209106445, "_step": 0, "_wandb": {"runtime": 80}}