{"training loss": 2.4611048698425293, "_timestamp": 1726348166.9872644, "_runtime": 158.18283939361572, "_step": 3, "epoch": 2, "Accuracy": 0.24261828530771967, "AUPRC": 0.13812881562354568, "F1": 0.08405094728259703, "_wandb": {"runtime": 160}}