{"training loss": 0.010134750977158546, "_timestamp": 1726945992.3501728, "_runtime": 283.5610296726227, "_step": 317, "epoch": 159, "AUROC": 0.5208971239032667, "AUPRC": 0.04320146120272591, "F1": 0.08133321257132506, "_wandb": {"runtime": 283}}