{"training loss": 0.01765613630414009, "_timestamp": 1726929465.1196613, "_runtime": 36.81282424926758, "_step": 199, "epoch": 100, "AUROC": 0.9518242646986325, "AUPRC": 0.4051452862966724, "F1": 0.607608129233976, "_wandb": {"runtime": 36}}