{"training loss": 0.31339967250823975, "_timestamp": 1726940677.9322653, "_runtime": 4.443140268325806, "_step": 4, "epoch": 2, "AUROC": 0.5010639600604121, "AUPRC": 0.09809667623527156, "F1": 0.10087719298245613, "TEST AUROC": 0.49665969472055393, "TEST AUPRC": 0.0926940089534441, "TEST F1": 0.09070034443168772, "_wandb": {"runtime": 3}}