{"training loss": -0.0, "_timestamp": 1726340928.949704, "_runtime": 59.39237403869629, "_step": 0, "_wandb": {"runtime": 84}}